{
  "nodeLayouts": {
    "inputs": {
      "x": 717.5,
      "y": 42,
      "index": -1
    },
    "outputs": {
      "x": 405,
      "y": 712,
      "index": -1
    },
    "is_problem_clear": {
      "x": 392.5,
      "y": 176,
      "index": 0
    },
    "summarize_contents": {
      "x": 949.7000286501077,
      "y": 173.7359073860955,
      "index": -1
    },
    "ask_more_information": {
      "x": 480,
      "y": 310,
      "index": 2
    },
    "answer": {
      "x": 402.5,
      "y": 578,
      "index": 4
    },
    "check_knowledge_base": {
      "x": 140,
      "y": 310,
      "index": 1
    },
    "output_gateway": {
      "x": 315,
      "y": 444,
      "index": 3
    },
    "create_ticket": {
      "x": 583.7466628836746,
      "y": 710.5725540286551,
      "index": 5
    },
    "send_ticket": {
      "x": 573.4960272469298,
      "y": 817.833231463067,
      "index": 6
    }
  },
  "orientation": "Vertical"
}